order_id,user_id,shop_id,dish_id,dish_name,price,quantity,status,order_time
O001,U001,S001,1,川味宫保鸡丁,42.00,1,已完成,2025-12-23 15:29:54
O002,U001,S001,2,川味麻婆豆腐,32.00,1,已完成,2025-12-23 15:29:55
O003,U001,S001,1,川味宫保鸡丁,42.00,1,已完成,2025-12-23 15:33:19
O004,U001,S001,5,重庆小面,15,1,已完成,2025-12-23 15:33:21
O005,U001,S005,1,河南烩面,15,1,已提交,2025-12-23 15:32:57
O006,U001,S002,1,粤式白切鸡,48.00,1,已完成,2025-12-23 15:47:38
O007,U001,S005,1,河南烩面,15,1,已完成,2025-12-23 16:01:58
O008,U001,S001,6,辣子鸡,55,1,已完成,2025-12-23 15:59:19
O009,U001,S002,2,粤式烧卖,28.00,1,已完成,2025-12-23 15:59:37
