id,name,pwd,telphone,address,email,inserttime
U001,张三,123456,13800138000,北京市朝阳区建国路88号,zhangsan@example.com,2024-01-15 10:30:00
U002,李四,654321,13900139000,上海市浦东新区陆家嘴100号,lisi@example.com,2024-01-16 14:20:00
U003,王五,111111,13700137000,广州市天河区体育西路12号,wangwu@example.com,2024-01-17 09:15:00U004
U004,王麻子,123456,11111111111,11111,11111,2025-12-21 20:50:05
U005,李里,123456,11111111111,111111,111111,2025-12-21 20:52:22
U006,王,123456,1111111111,111,111,2025-12-21 20:57:42
U007,许,123456,11111111111,111,111,2025-12-21 20:59:03
U008,testuser,test123,13800138000,北京市朝阳区,test@example.com,2025-12-22 09:00:10
U009,test_user,password123,13800138000,测试地址,test@example.com,2025-12-23 15:06:38
